10.7717%2Fpeerj.1000/OsiriXpic.pdf,0.0,429297.0
10.7717%2Fpeerj.1001/FigS5_walkkinematics_Updated.pdf,0.364705882353,264.347531462
10.7717%2Fpeerj.1012/Sutton,_A_-_Appendix_A_[Sea_Eagle_Interview_Protocol].pdf,0.169642857143,14.5916988417
10.7717%2Fpeerj.1015/APPENDIX_1.pdf,0.443181818182,11.5557503506
10.7717%2Fpeerj.1015/APPENDIX_2.pdf,0.53125,81.8810741688
10.7717%2Fpeerj.1017/Figure_S10.pdf,0.583333333333,7276.8
10.7717%2Fpeerj.1017/Figure_S11.pdf,0.583333333333,6756.96666667
10.7717%2Fpeerj.1017/Figure_S12.pdf,0.636363636364,6615.48275862
10.7717%2Fpeerj.1017/Figure_S13.pdf,0.5,5676.15625
10.7717%2Fpeerj.1017/Figure_S14.pdf,0.538461538462,5416.87096774
10.7717%2Fpeerj.1017/Figure_S15.pdf,0.5,5221.8125
10.7717%2Fpeerj.1017/Figure_S16.pdf,0.538461538462,6281.06451613
10.7717%2Fpeerj.1017/Figure_S17.pdf,0.5,2807.25581395
10.7717%2Fpeerj.1017/Figure_S18.pdf,0.0,206460.0
10.7717%2Fpeerj.1017/Figure_S19.pdf,0.533333333333,2349.92592593
10.7717%2Fpeerj.1017/Figure_S1.pdf,0.0,110757.0
10.7717%2Fpeerj.1017/Figure_S20.pdf,0.533333333333,2375.94444444
10.7717%2Fpeerj.1017/Figure_S21.pdf,0.571428571429,2304.62264151
10.7717%2Fpeerj.1017/Figure_S22.pdf,0.571428571429,2279.15384615
10.7717%2Fpeerj.1017/Figure_S23.pdf,0.571428571429,2396.33962264
10.7717%2Fpeerj.1017/Figure_S24.pdf,0.535714285714,2518.82608696
10.7717%2Fpeerj.1017/Figure_S2.pdf,0.545454545455,1401.23913043
10.7717%2Fpeerj.1017/Figure_S3.pdf,0.181286549708,40.5188944073
10.7717%2Fpeerj.1017/Figure_S4.pdf,0.476744186047,160.955589587
10.7717%2Fpeerj.1017/Figure_S5.pdf,0.583333333333,6234.03333333
10.7717%2Fpeerj.1017/Figure_S6.pdf,0.538461538462,6771.70967742
10.7717%2Fpeerj.1017/Figure_S7.pdf,0.636363636364,6392.68965517
10.7717%2Fpeerj.1017/Figure_S8.pdf,0.583333333333,7629.9
10.7717%2Fpeerj.1017/Figure_S9.pdf,0.636363636364,6973.93103448
10.7717%2Fpeerj.1022/McCarthy_etal_Supp_corrected.pdf,0.201754385965,274.655190134
10.7717%2Fpeerj.1028/Supplemental_figure_S1.pdf,0.0,181704.0
10.7717%2Fpeerj.1028/Supplemental_figure_S2.pdf,0.0869565217391,1501.91039427
10.7717%2Fpeerj.1029/FigS1.pdf,0.0,675236.0
10.7717%2Fpeerj.1029/FigS2.pdf,0.0,623522.0
10.7717%2Fpeerj.1029/FigS3.pdf,0.0,1089676.0
10.7717%2Fpeerj.102/S1_CONSORT_checklist.pdf,0.517699115044,42.8135135135
10.7717%2Fpeerj.102/S2_trial_protocol.pdf,0.1,7.58227443459
10.7717%2Fpeerj.1036/Seiffert_et_al_Caenopithecus_Figure_S1_discriminant_functions.pdf,0.537037037037,682.661654135
10.7717%2Fpeerj.1038/ul_sens_fmri_amp_anova_table.pdf,0.411764705882,68.7456828885
10.7717%2Fpeerj.1038/ul_sens_fmri_supp_stim_set.pdf,0.0,108325.316667
10.7717%2Fpeerj.1038/ul_sens_resid.pdf,0.634615384615,51.1634615385
10.7717%2Fpeerj.1038/ul_sens_task.pdf,0.620689655172,86.5939393939
10.7717%2Fpeerj.1040/Raw_Figure_1.pdf,0.275362318841,4493.37223043
10.7717%2Fpeerj.1040/Supplementary_Information.pdf,0.326530612245,135.203046703
10.7717%2Fpeerj.1042/01632e_02_VanHorn_Approval_Letter.pdf,0.413043478261,55.3410493827
10.7717%2Fpeerj.1042/Permiso_2012-2015_RD-0245-2012-DGFFS-DGEFFS.pdf,0.0,671941.857143
10.7717%2Fpeerj.1055/Formofconsent.pdf,0.210526315789,11.734476735
10.7717%2Fpeerj.1056/Almestrand_et_al._Supplementary_figure_1,_Gating_strategy_for_CD4.pdf,0.0,113656.0
10.7717%2Fpeerj.1064/Sup_Figures.pdf,0.540041067762,303.407879147
10.7717%2Fpeerj.1066/Supplementary_Fig_1.pdf,0.0,132266.0
10.7717%2Fpeerj.1066/Supplementary_Fig_2.pdf,0.0,282706.0
10.7717%2Fpeerj.1067/Collection_permit_17778.pdf,0.0,348060.777778
10.7717%2Fpeerj.1069/appendix.pdf,0.68253968254,38.4813578186
10.7717%2Fpeerj.1071/Supplemental_Figure_S1.pdf,0.0,2687.84090909
10.7717%2Fpeerj.1071/Supplemental_Figure_S2.pdf,0.0,171.706766917
10.7717%2Fpeerj.1071/Supplemental_Table_S1.pdf,0.455357142857,20.2858146067
10.7717%2Fpeerj.1071/Supplemental_Table_S2.pdf,0.475806451613,21.366552901
10.7717%2Fpeerj.1071/Supplemental_Table_S3.pdf,0.452083333333,18.1159730722
10.7717%2Fpeerj.1071/Supplemental_Table_S4.pdf,0.376811594203,24.2273170732
10.7717%2Fpeerj.1071/Supplemental_Table_S5.pdf,0.254464285714,21.2679889299
10.7717%2Fpeerj.1071/Supplemental_Table_S6.pdf,0.447552447552,17.5263904654
10.7717%2Fpeerj.1078/AnnexI.pdf,0.285714285714,159621.135294
10.7717%2Fpeerj.1092/Fig_S1.pdf,0.181818181818,2799.02605863
10.7717%2Fpeerj.1092/Fig_S2.pdf,0.2,693.571428571
10.7717%2Fpeerj.1092/Fig_S3.pdf,0.2,735.615384615
10.7717%2Fpeerj.1092/Fig_S4.pdf,0.333333333333,467.703703704
10.7717%2Fpeerj.1092/Fig_S5.pdf,0.2,1861.04065041
10.7717%2Fpeerj.1092/Fig_S6.pdf,0.230769230769,456.06557377
10.7717%2Fpeerj.1093/Garudimimus.pdf,0.0,56151.8484848
10.7717%2Fpeerj.1093/Ornithomimus.pdf,0.0,117753.071429
10.7717%2Fpeerj.1093/Struthiomimus.pdf,0.0,117208.666667
10.7717%2Fpeerj.1095/Supplemental_Figure_S1.pdf,0.0,2754918.0
10.7717%2Fpeerj.1095/Supplemental_Figure_S3.pdf,0.0,1366853.0
10.7717%2Fpeerj.1095/Supplemental_Figure_S4.pdf,0.0,1324482.0
10.7717%2Fpeerj.1095/Supplemental_Figure_S5.pdf,0.0,1556846.0
10.7717%2Fpeerj.1096/DS_IFC_-_enroll_90.pdf,0.139072847682,215.432168325
10.7717%2Fpeerj.1096/IRBApproval.pdf,0.359788359788,263.762771169
10.7717%2Fpeerj.1104/Raw_data.pdf,0.50264084507,57.4649812976
10.7717%2Fpeerj.1115/ConsentForm_07-22-2014.pdf,0.151260504202,16.5706528765
10.7717%2Fpeerj.1116/FigureS1.pdf,0.075,29.8251561106
10.7717%2Fpeerj.1116/Figure.S2.pdf,0.627586206897,231.202991453
10.7717%2Fpeerj.1116/Figure.S3.pdf,0.588235294118,1780.1863354
10.7717%2Fpeerj.1116/Figure.S4.pdf,0.4,223.895424837
10.7717%2Fpeerj.1117/Supplementary_Figure_S1.pdf,0.0666666666667,249.042528736
10.7717%2Fpeerj.1117/Supplementary_Figure_S2.pdf,0.0,532.009765625
10.7717%2Fpeerj.1118/Morrison_et_al._Cougar_GPS_data_PeerJ.pdf,0.981611101167,0.524293516384
10.7717%2Fpeerj.111/sm-double.pdf,0.665525114155,143.858350614
10.7717%2Fpeerj.111/sm-fig-01.pdf,0.690909090909,178.401234568
10.7717%2Fpeerj.111/sm-fig-02.pdf,0.72,271.245810056
10.7717%2Fpeerj.111/sm-fig-03.pdf,0.634146341463,221.977777778
10.7717%2Fpeerj.111/sm-single.pdf,0.69677852349,129.054328951
10.7717%2Fpeerj.111/sm-tab-01.pdf,0.65,53.3674033149
10.7717%2Fpeerj.111/sm-tab-02.pdf,0.796296296296,32.3232484076
10.7717%2Fpeerj.1134/permit.pdf,0.0,693941.0
10.7717%2Fpeerj.1140/suppl.fig1.pdf,0.594059405941,360.454940282
10.7717%2Fpeerj.1140/suppl.fig2.pdf,0.574324324324,17.7853535354
10.7717%2Fpeerj.114/Supplemental_Figure_S10.pdf,0.0,116621.0
10.7717%2Fpeerj.114/Supplemental_Figure_S1.pdf,0.0,123513.0
10.7717%2Fpeerj.114/Supplemental_Figure_S2.pdf,0.0,108773.0
10.7717%2Fpeerj.114/Supplemental_Figure_S4.pdf,0.0,123501.0
10.7717%2Fpeerj.114/Supplemental_Figure_S5.pdf,0.0,123879.0
10.7717%2Fpeerj.114/Supplemental_Figure_S6.pdf,0.0,122901.0
10.7717%2Fpeerj.114/Supplemental_Figure_S7.pdf,0.0,291273.0
10.7717%2Fpeerj.114/Supplemental_Figure_S8.pdf,0.0,298880.0
10.7717%2Fpeerj.114/Supplemental_Figure_S9.pdf,0.0,116118.0
10.7717%2Fpeerj.114/Supplmental_Figure_S3.pdf,0.0,121720.0
10.7717%2Fpeerj.1151/CSO_Appendix_A_-_PeerJ.pdf,0.446753246753,99.0076745971
10.7717%2Fpeerj.1155/Fgure_S3.pdf,0.486486486486,167.814751286
10.7717%2Fpeerj.1155/Figure_S1.pdf,0.0,724.104895105
10.7717%2Fpeerj.1155/Figure_S2.pdf,0.598290598291,391.007621951
10.7717%2Fpeerj.1159/PeerJ_FigS1-PicsOnly.pdf,0.375,15264.7826087
10.7717%2Fpeerj.1161/Appendix_1.pdf,0.943074003795,5.27664273882
10.7717%2Fpeerj.1161/Appendix_2.pdf,0.688888888889,61.7190569745
10.7717%2Fpeerj.1161/Appendix_3.pdf,0.935483870968,18.0083188908
10.7717%2Fpeerj.1161/Appendix_4.pdf,0.457142857143,394.461538462
10.7717%2Fpeerj.1162/PeerJ_Moser_etal_SI_Proof.pdf,0.330049261084,11.009958426
10.7717%2Fpeerj.1163/s_Figure1.pdf,0.0,208177.0
10.7717%2Fpeerj.1163/s_Figure2.pdf,0.0,197723.0
10.7717%2Fpeerj.1164/Supplementary_Information.pdf,0.727371156345,54.7602423023
10.7717%2Fpeerj.1176/Supplemental_fig_1.pdf,0.742990654206,6.05752212389
10.7717%2Fpeerj.1176/Supplemental_fig_2.pdf,0.485714285714,21.2682926829
10.7717%2Fpeerj.1177/Blake_Loiselle_SF1.pdf,0.551569506726,155.61608154
10.7717%2Fpeerj.1177/Blake_Loiselle_SF2.pdf,0.558252427184,129.69772481
10.7717%2Fpeerj.1177/Blake_Loiselle_SF3.pdf,0.493975903614,298.647798742
10.7717%2Fpeerj.118/SuppFile2.pdf,0.579819277108,356.760751147
10.7717%2Fpeerj.1190/FigS1.pdf,0.543859649123,437.306695464
10.7717%2Fpeerj.1190/FigS2.pdf,0.586538461538,379.80720339
10.7717%2Fpeerj.1190/FigS3.pdf,0.586206896552,850.327272727
10.7717%2Fpeerj.1191/SuppFigs4524.pdf,0.0,347581.666667
10.7717%2Fpeerj.1196/Raw_Transcription_Text.pdf,0.212024337424,3.16349421634
10.7717%2Fpeerj.1203/Supplemental-Manual_PeerReview-S1.pdf,0.0888888888889,53.4941839331
10.7717%2Fpeerj.1204/Measey_et_al_Supp_Info.pdf,0.936611272914,1.88990095633
10.7717%2Fpeerj.1207/Supplementary_information.pdf,0.136363636364,110.5155902
10.7717%2Fpeerj.1208/Suppl.pdf,0.296124031008,7.85147258722
10.7717%2Fpeerj.1212/07-07_Lee_Smee_Approval.pdf,0.236363636364,241.415307403
10.7717%2Fpeerj.1213/Supplementary_Table_S1-2.pdf,0.520467836257,26.7117917305
10.7717%2Fpeerj.1221/SupplementalInformation2.pdf,0.1930477964,197.635439592
10.7717%2Fpeerj.1221/SupplementInfo1.pdf,0.0,800888.666667
10.7717%2Fpeerj.1221/SupplementInfo4.pdf,0.9324055666,2339.27886115
10.7717%2Fpeerj.1223/Supplemental_Figure_S1_Saureus_plasmid.pdf,0.769230769231,10438.7738095
10.7717%2Fpeerj.1223/Supplemental_Figure_S2_Stenotrophomonas_tree.pdf,0.341463414634,189.567619048
10.7717%2Fpeerj.1223/Supplemental_Figure_S3_Other_CF_species_alignment.pdf,0.5,6473.72277228
10.7717%2Fpeerj.1223/Supplemental_Figure_S4_Enterobacter_cassette.pdf,0.333333333333,2440.04205607
10.7717%2Fpeerj.1223/Supplemental_Figure_S5_Haemophilus_tree.pdf,0.227272727273,116.597600872
10.7717%2Fpeerj.1224/Supplementary1.pdf,0.500868055556,9.53300284437
10.7717%2Fpeerj.1224/Supplementary2.pdf,0.116279069767,17.2281903389
10.7717%2Fpeerj.1225/Supplementary_figure_1.pdf,0.0,1794.31683168
10.7717%2Fpeerj.1225/Supplementary_figure_2.pdf,0.0,258.828025478
10.7717%2Fpeerj.1225/Supplementary_table_1.pdf,0.571266968326,23.4688342015
10.7717%2Fpeerj.1225/Supplementary_table_2_v2.pdf,0.726495726496,57.075794621
10.7717%2Fpeerj.1225/Supplementary_table_4_v2.pdf,0.682242990654,59.4722222222
10.7717%2Fpeerj.1226/Supplement_1_Kain_Bolker_McCoy.pdf,0.48608137045,22.9466093894
10.7717%2Fpeerj.1229/CTL_lysis_activity_of_the_CTLs_from_PPD-_donors.pdf,0.593220338983,151.787634409
10.7717%2Fpeerj.1235/Figure_5_Growth_small,_medium,_large.pdf,0.538461538462,417.978378378
10.7717%2Fpeerj.1237/Supplement.pdf,0.428051001821,108.044229996
10.7717%2Fpeerj.1241/Fig_S1.pdf,0.333333333333,21369.25
10.7717%2Fpeerj.1241/Fig_S2.pdf,0.5,152.573221757
10.7717%2Fpeerj.1241/Table_S1.pdf,0.920765027322,20.9028070916
10.7717%2Fpeerj.1241/Table_S2.pdf,0.316455696203,35.6096440873
10.7717%2Fpeerj.1241/Table_S3.pdf,0.598455598456,30.6967792616
10.7717%2Fpeerj.1241/Table_S4.pdf,0.418181818182,135.50591716
10.7717%2Fpeerj.1243/supplement3.pdf,0.38961038961,10.9992555831
10.7717%2Fpeerj.1246/Experiment_1_Growout_bags_with_Natural_Substrate.pdf,0.976487876561,23.006061262
10.7717%2Fpeerj.1246/Experiment_2_Growout_bags_with_Bivalves.pdf,0.977683315622,26.2689996903
10.7717%2Fpeerj.1255/Supplement_1_-_PRISMA_2009_checklist.pdf,0.332129963899,22.1827977316
10.7717%2Fpeerj.1255/Supplement_2_-_additional_study_data.pdf,0.0,4217.57825371
10.7717%2Fpeerj.1258/FigureS1.pdf,0.535714285714,3446.52816901
10.7717%2Fpeerj.1258/FigureS2.pdf,0.462068965517,15.0833333333
10.7717%2Fpeerj.1258/FigureS3.pdf,0.555555555556,19.3345070423
10.7717%2Fpeerj.1258/FigureS4.pdf,0.471698113208,21.68359375
10.7717%2Fpeerj.1258/Meadow_Microbial_Cloud_Supplementary_Table_1.pdf,0.65625,178.436260623
10.7717%2Fpeerj.1259/Suppl._Fig_1.pdf,0.2,2886.86754967
10.7717%2Fpeerj.1259/Suppl._Fig_2.pdf,0.453608247423,346.037760417
10.7717%2Fpeerj.1267/Fig_1.pdf,0.0,45743.0
10.7717%2Fpeerj.1267/Fig_3.pdf,0.0,134900.0
10.7717%2Fpeerj.1268/Supp2-_PRISMA_2009_Flow_Diagram_Charbonnier.pdf,0.271186440678,245.848800834
10.7717%2Fpeerj.1269/figureS1.pdf,0.54,182.476
10.7717%2Fpeerj.1269/figureS2.pdf,0.0,152581.0
10.7717%2Fpeerj.1278/Supp_file_1_Semistructured_interview_guide.pdf,0.222222222222,75.5211864407
10.7717%2Fpeerj.1278/Supp_file_2_Final_DORA_questionnaire.pdf,0.404867256637,104.887996619
10.7717%2Fpeerj.128/DA_COI_statement_from_2011_on.pdf,0.271676300578,69.047820242
10.7717%2Fpeerj.1290/Information.pdf,0.917438921651,14.1752027471
10.7717%2Fpeerj.1292/Figure_S1.pdf,0.25,393.790874525
10.7717%2Fpeerj.1294/ostrich_small.pdf,0.0,9597592.0
10.7717%2Fpeerj.1295/Fig.A1.pdf,0.494623655914,135.368316832
10.7717%2Fpeerj.1295/Fig.A2.pdf,0.472324723247,310.787027027
10.7717%2Fpeerj.1295/Fig.A3.pdf,0.496428571429,266.734655335
10.7717%2Fpeerj.1295/Fig.A4.pdf,0.498046875,164.169824087
10.7717%2Fpeerj.1295/Fig.A5.pdf,0.49203187251,174.403910991
10.7717%2Fpeerj.1299/Shan_AssementsOfExpertAdjudicators.pdf,0.517799352751,64.2459776384
10.7717%2Fpeerj.1299/Shan_RawData.pdf,0.927906552291,30.4021217846
10.7717%2Fpeerj.1299/Shan_StatisticalComparisons.pdf,0.58185840708,71.9569614299
10.7717%2Fpeerj.1308/Ovule_treatment_S[1].pdf,0.818181818182,125.36259542
10.7717%2Fpeerj.1310/Supplementarytable2.xlsx.pdf,0.471148342786,1.71308686377
10.7717%2Fpeerj.1313/Figure_S1.pdf,0.461538461538,20418.5263158
10.7717%2Fpeerj.1313/Figure_S2.pdf,0.4,64729.1428571
10.7717%2Fpeerj.1314/150928-supplemental_methods.pdf,0.0952380952381,16.046620889
10.7717%2Fpeerj.1318/S6__Figure.pdf,0.428571428571,152704.8
10.7717%2Fpeerj.1318/S8_Figure.pdf,0.606060606061,456.304761905
10.7717%2Fpeerj.133/Supplementary_methods.pdf,0.403361344538,6.47424963097
10.7717%2Fpeerj.1340/mparker.peerjppr.figureS3_.pdf,0.0,142210.0
10.7717%2Fpeerj.1340/mparker.peerjppr.figureS5.pdf,0.0153846153846,111.9145686
10.7717%2Fpeerj.1341/Table_S1_with_references.pdf,0.509433962264,6.12868351146
10.7717%2Fpeerj.1344/ProCS15_SuppMat.pdf,0.861445783133,31.2114649682
10.7717%2Fpeerj.1346/Suppl_Inf_1_Captivity_Immobilisation.pdf,0.0512820512821,15.9767621998
10.7717%2Fpeerj.1346/Suppl_Inf_2_Behavioural_classification.pdf,0.15625,7.49607843137
10.7717%2Fpeerj.1346/Suppl_Inf_3_Recipient_reserve_characteristics.pdf,0.0,96460.0
10.7717%2Fpeerj.1346/Suppl_Inf_9_Potential_cheetah_recipient_areas_without_site_fidelity.pdf,0.0,22827.0
10.7717%2Fpeerj.1347/supplementary_S1.pdf,0.142857142857,992.130909091
10.7717%2Fpeerj.1347/supplementary_S2.pdf,0.0,4280.13924051
10.7717%2Fpeerj.1353/Supplemental_figure_S1.pdf,0.2,956.446153846
10.7717%2Fpeerj.1353/Supplemental_table_S1.pdf,0.53125,141.3648
10.7717%2Fpeerj.1353/Supplemental_table_S2.pdf,0.558011049724,30.7802292264
10.7717%2Fpeerj.1356/Fig._S2.pdf,0.0,720505.0
10.7717%2Fpeerj.1361/Neurophysiology_of_meaning_SI_2015_Re_rev.pdf,0.346582843237,4.14954613854
10.7717%2Fpeerj.1366/tasSuit_supplementaryMaterial1.pdf,0.41155234657,620.378053097
10.7717%2Fpeerj.1366/tasSuit_supplementaryMaterial2.pdf,0.612244897959,1206.49027237
10.7717%2Fpeerj.1368/CTRL01_protocol.pdf,0.274343122102,3.81966329966
10.7717%2Fpeerj.1368/CTRL02_protocol.pdf,0.272048846676,5.19301753614
10.7717%2Fpeerj.1373/Figure_S1.pdf,0.444444444444,5405.88235294
10.7717%2Fpeerj.1376/Bacteria_ID_Service_Report.pdf,0.831606217617,9.24863151829
10.7717%2Fpeerj.1379/20150706_Herbaceous_Landlord_Supplement.pdf,0.446261682243,306.782749326
10.7717%2Fpeerj.1384/SUPPLEMENTARY_MATERIAL_1.pdf,0.399425287356,24.4482655278
10.7717%2Fpeerj.1390/FigureS1.pdf,0.444444444444,4978.4893617
10.7717%2Fpeerj.1390/FigureS2.pdf,0.559322033898,1862.0390625
10.7717%2Fpeerj.1397/Supplementary_Table_S3_Triturus_vertebral_formulae.pdf,0.764075067024,26.0082743066
10.7717%2Fpeerj.1400/SUPP_FIGv2.pdf,0.551724137931,102.330830204
10.7717%2Fpeerj.1403/TableS1.pdf,0.923076923077,72.2478097622
10.7717%2Fpeerj.1403/TableS2.pdf,0.884210526316,87.1473477407
10.7717%2Fpeerj.1403/TableS3.pdf,0.808510638298,168.388392857
10.7717%2Fpeerj.1403/TableS4.pdf,0.942028985507,21.4547960309
10.7717%2Fpeerj.1403/TableS5.pdf,0.666666666667,17.7106870229
10.7717%2Fpeerj.1409/eggs_by_shrimpsize_resid.pdf,0.683544303797,22.6223175966
10.7717%2Fpeerj.1412/Supplemental_Article_S1.pdf,0.379310344828,193.702349869
10.7717%2Fpeerj.1412/Supplemental_Article_S2.pdf,0.4,86.8353783231
10.7717%2Fpeerj.1418/FigureS1.pdf,0.428571428571,1044.14
10.7717%2Fpeerj.1425/FIG_S1.pdf,0.0,42696.0
10.7717%2Fpeerj.1425/FIG_S2.pdf,0.0,43700.0
10.7717%2Fpeerj.145/sm-01.pdf,0.871794871795,166.289855072
10.7717%2Fpeerj.145/sm-02.pdf,0.929824561404,188.561946903
10.7717%2Fpeerj.145/sm-03.pdf,0.576923076923,100.661921708
10.7717%2Fpeerj.157/alpha_supp.pdf,0.552307692308,25.1714935871
10.7717%2Fpeerj.164/IRB_Determination.pdf,0.110236220472,42.4136888889
10.7717%2Fpeerj.171/Supp_S1.pdf,0.98045993228,4.48986209296
10.7717%2Fpeerj.171/Supp_S2.pdf,0.952299829642,21.1808185706
10.7717%2Fpeerj.171/Supp_S3.pdf,0.747747747748,13.2944535073
10.7717%2Fpeerj.171/Supp_S4.pdf,0.724137931034,34.1993446204
10.7717%2Fpeerj.175/S1.pdf,0.52358490566,7.6239522112
10.7717%2Fpeerj.177/Supplemental_File_S2.pdf,0.505941213258,17.6865433363
10.7717%2Fpeerj.179/Appendix_Jul_13.pdf,0.300304878049,3.93035070469
10.7717%2Fpeerj.179/Fig_S1_new.pdf,0.5,40869.6
10.7717%2Fpeerj.179/Fig_S2.pdf,0.571428571429,5977.41176471
10.7717%2Fpeerj.182/SuppArticleS1_R1.pdf,0.0537037037037,2.78596445145
10.7717%2Fpeerj.182/SuppFigS1.pdf,0.0,3088744.0
10.7717%2Fpeerj.182/SuppFigS2.pdf,0.0,1780115.0
10.7717%2Fpeerj.182/SuppFigS3.pdf,0.0,12760033.0
10.7717%2Fpeerj.182/SuppFigS4.pdf,0.0,6666231.0
10.7717%2Fpeerj.182/SuppFigS5.pdf,0.0,8118644.0
10.7717%2Fpeerj.199/supplemental_table_s1.pdf,0.217090069284,2.52664456155
10.7717%2Fpeerj.199/supplemental_table_s2.pdf,0.401246983105,4.51221366605
10.7717%2Fpeerj.199/supplemental_table_s3.pdf,0.37542344736,3.91457784703
10.7717%2Fpeerj.203/Supplement_S1.pdf,0.181818181818,55.3495038589
10.7717%2Fpeerj.203/Supplement_S2.pdf,0.315384615385,12.6053587648
10.7717%2Fpeerj.203/Supplement_S3.pdf,0.34965034965,20.0804458444
10.7717%2Fpeerj.22/2008001361_consent.pdf,0.197740112994,34.7146104306
10.7717%2Fpeerj.230/Fig_S1.pdf,0.545454545455,1664.61904762
10.7717%2Fpeerj.230/Fig_S2.pdf,0.5,1473.625
10.7717%2Fpeerj.230/Fig_S3.pdf,0.52380952381,95.6388206388
10.7717%2Fpeerj.230/Fig_S4.pdf,0.481481481481,109.318318318
10.7717%2Fpeerj.230/Table_S1.pdf,0.489795918367,61.5805471125
10.7717%2Fpeerj.230/Table_S2.pdf,0.696078431373,16.0785714286
10.7717%2Fpeerj.23/PeerJ_SF_1.pdf,0.379310344828,33.8776119403
10.7717%2Fpeerj.23/Supplemental_Table_1.pdf,0.681379310345,7.77809591983
10.7717%2Fpeerj.241/Supplementary_Material-v4.pdf,0.69741697417,13.8373778339
10.7717%2Fpeerj.253/FInal_SI.pdf,0.639759036145,31.8329808128
10.7717%2Fpeerj.25/LPT2protocol.pdf,0.0,1049.29166667
10.7717%2Fpeerj.264/Supplemental_Table_S10.pdf,0.0,862059.0
10.7717%2Fpeerj.264/Supplemental_Table_S11.pdf,0.0,1635480.0
10.7717%2Fpeerj.264/Supplemental_Table_S12.pdf,0.0,271478.0
10.7717%2Fpeerj.264/Supplemental_Table_S13.pdf,0.0,602892.0
10.7717%2Fpeerj.264/Supplemental_Table_S6.pdf,0.0,1037903.0
10.7717%2Fpeerj.264/Supplemental_Table_S7.pdf,0.0,2058427.0
10.7717%2Fpeerj.264/Supplemental_Table_S8.pdf,0.0,782732.0
10.7717%2Fpeerj.264/Supplemental_Table_S9.pdf,0.0,168240.0
10.7717%2Fpeerj.265/Liczner-Lortie-2013PRISMA_2009_Checklist.pdf,0.322580645161,40.542626944
10.7717%2Fpeerj.267/SupplementalInformation.pdf,0.372703412073,88.0161198125
10.7717%2Fpeerj.269/SUPP_10_combined_posthoc_results.pdf,0.77803030303,13.1171100968
10.7717%2Fpeerj.280/Supplementary_Material.pdf,0.411764705882,2808.87301587
10.7717%2Fpeerj.282/Supplementary__material__Rapid_protocol.pdf,0.286307053942,12.4005773476
10.7717%2Fpeerj.283/Supplemental_File_1.pdf,0.405063291139,50.2379004772
10.7717%2Fpeerj.285/SupplementaryInformation_Barraquand2014PeerJ_e285.pdf,0.416243654822,25.2265184721
10.7717%2Fpeerj.289/Supplemental_Article_S1.pdf,0.102040816327,192.74336
10.7717%2Fpeerj.295/Meijer_SI_Table_1.pdf,0.686507936508,19.1180862832
10.7717%2Fpeerj.296/suppl_table_1_Site_table.pdf,0.469838572642,37.8614602835
10.7717%2Fpeerj.297/Justine_et_al_-_Le_ver_plat_de_Nouvelle-Guinee_Platydemus_manokwari_en_France.pdf,0.152395915161,12.9915104823
10.7717%2Fpeerj.299/Supplementary_Information_1_winter_questionnaire.pdf,0.506480558325,10.9164435946
10.7717%2Fpeerj.299/Supplementary_information_2_summer_questionnaire.pdf,0.525519848771,13.8296309253
10.7717%2Fpeerj.299/Supplementary_Information_3.pdf,0.176470588235,13.6928213689
10.7717%2Fpeerj.306/Conole.SUPPLEMENTARY_TEXT.v2.pdf,0.548856548857,47.1974969998
10.7717%2Fpeerj.312/IRB_approval.pdf,0.14953271028,26.5949310805
10.7717%2Fpeerj.321/Hird_SuppFigs.pdf,0.597439544808,37.066680261
10.7717%2Fpeerj.327/Atoll_Res_Bull_1991_Dai.pdf,0.297363580625,69.1432894433
10.7717%2Fpeerj.327/FigureS1a.pdf,0.620689655172,376.95215311
10.7717%2Fpeerj.327/FIgureS1b.pdf,0.626943005181,391.012027491
10.7717%2Fpeerj.329/File_S1._Field_observation_and_literature_review_of_Rathousiidae_slugs_and_Lampyridae_beetle_larvae_predatory_behaviours..pdf,0.439803439803,21.0582308019
10.7717%2Fpeerj.32/SupplementalDocumentS1.pdf,0.70814479638,45.1953542057
10.7717%2Fpeerj.332/Figure_S1.pdf,0.0,437845.0
10.7717%2Fpeerj.344/S2_raw_behaviours.pdf,0.6,162.721518987
10.7717%2Fpeerj.344/S3_comparing_unique_behaviours.pdf,0.56,546.904040404
10.7717%2Fpeerj.347/UWO-VPC-2013.001-Allosaur_tooth_rooted.pdf,0.0,150087.742857
10.7717%2Fpeerj.347/UWO-VPC-2013.002-Allosaur_tooth_shed.pdf,0.0,71435.4857143
10.7717%2Fpeerj.347/UWO-VPC-2013.003-Camarasaur_tooth_rooted.pdf,0.0,298668.657143
10.7717%2Fpeerj.347/UWO-VPC-2013.004-Camarasaur_tooth_shed.pdf,0.0,143342.142857
10.7717%2Fpeerj.351/rap002_protocol.pdf,0.0,62814.6206897
10.7717%2Fpeerj.358/Cregger_et_al_2014_3_17Clean.4.pdf,0.509247027741,20.0378544489
10.7717%2Fpeerj.360/PescottStewart_Supplemental_material_2.pdf,0.477739726027,10.6837617249
10.7717%2Fpeerj.362/Supplement_1.pdf,0.933333333333,34.8259144998
10.7717%2Fpeerj.371/SupplementalTableS1Revised.pdf,0.461157024793,11.8230994152
10.7717%2Fpeerj.374/GTS_permit_for_field_researches.pdf,0.357142857143,69.4933530281
10.7717%2Fpeerj.392/CODEEXAMPLE.pdf,0.683397683398,3.30599078341
10.7717%2Fpeerj.392/Supplement_1_FINALb.pdf,0.978260869565,14.7951953876
10.7717%2Fpeerj.392/Supplement_2_finalb.pdf,0.605922551253,86.0881523272
10.7717%2Fpeerj.421/Figure_S1.pdf,0.580952380952,51.0904311251
10.7717%2Fpeerj.421/Figure_S2.pdf,0.543689320388,52.3015184382
10.7717%2Fpeerj.421/Figure_S3.pdf,0.44,267.051643192
10.7717%2Fpeerj.427/peerj-review-1719-Supplemental_Table_S1_corrected.pdf,0.557692307692,103.324324324
10.7717%2Fpeerj.427/peerj-review-1719-Supplemental_Table_S2_corrected.pdf,0.527777777778,91.4057591623
10.7717%2Fpeerj.427/peerj-review-1719-Supplemental__Table_S3_corrected.pdf,0.397590361446,85.6753670473
10.7717%2Fpeerj.427/peerj-review-1719-Supplemental__Table_S4_corrected.pdf,0.437869822485,51.3275862069
10.7717%2Fpeerj.427/peerj-review-1719-Supplemental_Table_S5_corrected.pdf,0.480952380952,100.985652798
10.7717%2Fpeerj.433/Supplement_revised.pdf,0.527272727273,13.4563238282
10.7717%2Fpeerj.43/8601_ter_guidelines.pdf,0.114285714286,15.4271114151
10.7717%2Fpeerj.444/JENKINS_consent.pdf,0.318181818182,49.3730964467
10.7717%2Fpeerj.447/Meadow_etal_Phones_Contamination_Supplemental_R_Analysis.pdf,0.399224806202,62.9865185505
10.7717%2Fpeerj.447/Meadow_etal_Phones_Supplemental_R_Analysis.pdf,0.498306519898,9.49119465434
10.7717%2Fpeerj.448/Suppl_File_S1.pdf,0.0,9915548.0
10.7717%2Fpeerj.449/supplementary.pdf,0.72600619195,19.8802946593
10.7717%2Fpeerj.450/Supplemental_Information.pdf,0.549721559268,28.4805807809
10.7717%2Fpeerj.455/all_sequence_logos.pdf,0.552704576976,67.4404272209
10.7717%2Fpeerj.456/all_mSD_Heatmaps_V2.pdf,0.63140311804,36.5448368425
10.7717%2Fpeerj.457/Figure_S1.pdf,0.813708260105,390.11105948
10.7717%2Fpeerj.458/supplemental_file_1.pdf,0.0,5398791.0
10.7717%2Fpeerj.458/supplemental_file_2.pdf,0.0,6952978.0
10.7717%2Fpeerj.458/supplemental_file_3.pdf,0.0,7617007.0
10.7717%2Fpeerj.458/supplemental_file_4.pdf,0.0,8457688.0
10.7717%2Fpeerj.466/Appendixes.pdf,0.166666666667,10.5643939394
10.7717%2Fpeerj.479/Supplemental_Figure_1.pdf,0.0,276500.0
10.7717%2Fpeerj.47/tableS1.pdf,0.446808510638,103.039548023
10.7717%2Fpeerj.47/TableS2.pdf,0.45,246.483394834
10.7717%2Fpeerj.47/TableS3.pdf,0.818181818182,84.5641547862
10.7717%2Fpeerj.47/TableS4.pdf,0.50163132137,21.5969420259
10.7717%2Fpeerj.47/tableS5.pdf,0.511363636364,75.7675438596
10.7717%2Fpeerj.480/S1_Background_information_9_years.pdf,0.28431372549,76.94092827
10.7717%2Fpeerj.480/S2_teachers_assessment_at_9_years.pdf,0.697368421053,194.19692814
10.7717%2Fpeerj.480/S3_Background_information__at_16_years.pdf,0.15,160.044300647
10.7717%2Fpeerj.480/S4_Questionnaire_to_parents_at_16_years.pdf,0.805555555556,270.486963835
10.7717%2Fpeerj.480/S5_Survey_form_at_30_years.pdf,0.33185840708,37.3459067699
10.7717%2Fpeerj.480/S6_plans_at_16_years_of_age.pdf,0.0,344.076751947
10.7717%2Fpeerj.480/S7_Supplement_table_variables_tested_response_vs_nonresponse.pdf,0.615789473684,42.8848945731
10.7717%2Fpeerj.480/S8_Variable_importance_in_random_forest_classification_all_variables.pdf,0.521870286576,55.7869140625
10.7717%2Fpeerj.484/Supplementary_file1.pdf,0.692015209125,220.539140671
10.7717%2Fpeerj.493/Kantanen_S1.pdf,0.473684210526,154579.731707
10.7717%2Fpeerj.494/FigS1.pdf,0.289473684211,120.335347432
10.7717%2Fpeerj.501/Cuticle_histology.pdf,0.715246636771,746.876580832
10.7717%2Fpeerj.504/Supplemental_Document_S1.pdf,0.270916334661,47.8071920725
10.7717%2Fpeerj.504/Supplemental_Table_S2.pdf,0.525667351129,26.1253405995
10.7717%2Fpeerj.511/FileS1.pdf,0.600406710727,48.5613087351
10.7717%2Fpeerj.511/FileS2.pdf,0.550242130751,35.7991289116
10.7717%2Fpeerj.511/FileS3.pdf,0.570435881238,41.4686897036
10.7717%2Fpeerj.520/Supplemental_Figure_3.pdf,0.0,254.278884462
10.7717%2Fpeerj.536/Invitation_to_participate_in_a_study_general[English].pdf,0.216783216783,15.1695583596
10.7717%2Fpeerj.548/ISTDP_effectiveness_S1_CONSORT_checklist.pdf,0.508695652174,42.8390971216
10.7717%2Fpeerj.557/ESM.pdf,0.407407407407,29.9941742655
10.7717%2Fpeerj.564/Supplement_2_CYB_Tree.pdf,0.626731866341,61.5634688148
10.7717%2Fpeerj.565/Supplementary_material.pdf,0.14,64.3526608419
10.7717%2Fpeerj.572/eDistractions_results.pdf,0.39175257732,45.6171925306
10.7717%2Fpeerj.574/ESM1.pdf,0.481481481481,743.805825243
10.7717%2Fpeerj.576/Supplemental_file_S1.pdf,0.585696148963,343.174620475
10.7717%2Fpeerj.57/McKiernan_SloMS_Supplemental1.pdf,0.443243243243,95.8150579996
10.7717%2Fpeerj.581/Warnock_Exemption_5-1-09.pdf,0.137931034483,26.6108108108
10.7717%2Fpeerj.582/SupplTable1.pdf,0.402010050251,31.3977355734
10.7717%2Fpeerj.582/SupplTable2.pdf,0.50183639399,12.0769405099
10.7717%2Fpeerj.582/SupplTable3.pdf,0.498563218391,249.051214128
10.7717%2Fpeerj.583/cov_peer_sup.pdf,0.453271028037,128.726682135
10.7717%2Fpeerj.589/supplement-revision.pdf,0.183976261128,29.5653857791
10.7717%2Fpeerj.590/SynergyFlowData.pdf,0.486725663717,556.554744526
10.7717%2Fpeerj.593/Supplementary_Table1.pdf,0.720647773279,10.1906403941
10.7717%2Fpeerj.593/Supplementary_Table2.pdf,0.963824289406,17.7039413382
10.7717%2Fpeerj.593/Supplementary_Table3.pdf,0.963824289406,18.1472196901
10.7717%2Fpeerj.607/Supplementary_Materials.pdf,0.558080808081,22.5513288171
10.7717%2Fpeerj.610/Supplemental_Article_S1.pdf,0.734309623431,12.7486771073
10.7717%2Fpeerj.610/Supplemental_Script_S1.pdf,0.658536585366,2.26760699449
10.7717%2Fpeerj.610/Supplemental_Table_S1.pdf,0.657575757576,11.4951446387
10.7717%2Fpeerj.610/Supplemental_Table_S2.pdf,0.688888888889,81.4072924748
10.7717%2Fpeerj.610/Supplemental_Table_S3.pdf,0.528925619835,91.0240174672
10.7717%2Fpeerj.613/ALL-Hypoxie-N-pdf.pdf,0.51875,35.9601462523
10.7717%2Fpeerj.613/ALL-Hypoxie-%-pdf.pdf,0.9296,37.1406130268
10.7717%2Fpeerj.613/ALL-Mortaliy-N-pdf.pdf,0.519179304193,36.3676416142
10.7717%2Fpeerj.613/ALL-Mortaliy-%-pdf.pdf,0.519642857143,32.2307439105
10.7717%2Fpeerj.613/ALL-PONV-N-pdf.pdf,0.519213583557,33.2957133289
10.7717%2Fpeerj.613/ALL-PONV-%-pdf.pdf,0.519677996422,29.3352021245
10.7717%2Fpeerj.613/ALL-SSI-N-pdf.pdf,0.518319928508,34.9659936238
10.7717%2Fpeerj.613/ALL-SSI-%-pdf.pdf,0.518319928508,31.3520376176
10.7717%2Fpeerj.613/ALL-SurgProcedures-Groups-pdf.pdf,0.670915411356,32.4788826072
10.7717%2Fpeerj.613/ALL-SurgProcedures-Particular-pdf.pdf,0.754237288136,57.7776894542
10.7717%2Fpeerj.613/ALL-UICU-%-pdf.pdf,0.518783542039,33.6572898799
10.7717%2Fpeerj.626/Table_2.pdf,0.627450980392,28.25
10.7717%2Fpeerj.632/evangelista-supplemental.pdf,0.622727272727,37.8768846834
10.7717%2Fpeerj.635/Supplementary_data.pdf,0.0625,97.234375
10.7717%2Fpeerj.644/Supplemental_Article_S1.pdf,0.377104377104,40.2333759591
10.7717%2Fpeerj.649/Figure_5.pdf,0.683333333333,76.4621848739
10.7717%2Fpeerj.650/Huang.Supplemental.TableS1.pdf,0.498993963783,5.17696909272
10.7717%2Fpeerj.651/variable_description.pdf,0.773851590106,48.3067282322
10.7717%2Fpeerj.658/Table_S2.pdf,0.42735042735,209.687690743
10.7717%2Fpeerj.663/newFigS1.pdf,0.546666666667,12.3448599887
10.7717%2Fpeerj.664/Figure_S1.pdf,0.8,102.659080244
10.7717%2Fpeerj.665/supplemental_s1_movement.pdf,0.954248366013,208.427922815
10.7717%2Fpeerj.665/supplemental_s2_structure.pdf,0.964757709251,127.147849462
10.7717%2Fpeerj.665/supplemental_s3_tether.pdf,0.739130434783,1070.68789809
10.7717%2Fpeerj.679/Table_1.pdf,0.529411764706,57.1312217195
10.7717%2Fpeerj.682/Raw_Data.pdf,0.961340206186,17.7241126967
10.7717%2Fpeerj.682/table1.pdf,0.45,126.779187817
10.7717%2Fpeerj.682/table2.pdf,0.438596491228,114.9844098
10.7717%2Fpeerj.682/table3.pdf,0.421052631579,112.715536105
10.7717%2Fpeerj.682/table4.pdf,0.421052631579,110.600858369
10.7717%2Fpeerj.682/table5.pdf,0.45,114.024390244
10.7717%2Fpeerj.686/FigS1_RootDensity.pdf,0.391304347826,202.020050125
10.7717%2Fpeerj.686/FigureS2_Plot2AlnusMantel.pdf,0.5,771.432
10.7717%2Fpeerj.686/FigureS3_Plot8AlnusMantel.pdf,0.5,777.0
10.7717%2Fpeerj.687/ASL_2_back_effect_60mg_only_5p7.pdf,0.602150537634,50.2121621622
10.7717%2Fpeerj.687/ASL_SYN_effect_fix_and_2_back,_12_subs_5p7mm.pdf,0.533333333333,50.6149679961
10.7717%2Fpeerj.687/ASL_SYN_on_2_back_60_mg_only_fixand2back_5p7.pdf,0.485436893204,54.0915750916
10.7717%2Fpeerj.687/BOLD_2_back_effect_60mg_only.pdf,0.806969280147,11.7735654927
10.7717%2Fpeerj.687/BOLD_SYN_effect_60_mg_only.pdf,0.522821576763,51.9011598588
10.7717%2Fpeerj.687/BOLD_SYN_on_2_back_60mg_only.pdf,0.569169960474,49.5291586998
10.7717%2Fpeerj.687/SupplementalFigure10.pdf,0.509345794393,52.1573319756
10.7717%2Fpeerj.687/SupplementalFigure11.pdf,0.432748538012,48.3814489572
10.7717%2Fpeerj.687/SupplementalFigure12.pdf,0.582677165354,48.6430237984
10.7717%2Fpeerj.687/SupplementalFigure1.pdf,0.602150537634,50.2121621622
10.7717%2Fpeerj.687/SupplementalFigure2_corrected.pdf,0.806407322654,12.6611027609
10.7717%2Fpeerj.687/SupplementalFigure3.pdf,0.485436893204,54.0915750916
10.7717%2Fpeerj.687/SupplementalFigure4.pdf,0.569169960474,49.5291586998
10.7717%2Fpeerj.687/SupplementalFigure5.pdf,0.533333333333,50.6149679961
10.7717%2Fpeerj.687/SupplementalFigure6.pdf,0.522821576763,51.9011598588
10.7717%2Fpeerj.687/SupplementalFigure7.pdf,0.466321243523,54.7887628309
10.7717%2Fpeerj.687/SupplementalFigure8.pdf,0.584837545126,46.8108477666
10.7717%2Fpeerj.687/SupplementalFigure9.pdf,0.466321243523,55.3201320132
10.7717%2Fpeerj.689/Absorbances_for_melanin.pdf,0.935779816514,126.696090794
10.7717%2Fpeerj.689/DNA_yield_crab_parts.pdf,0.890909090909,19.214953271
10.7717%2Fpeerj.689/Supplementary_Figure_1_plain.pdf,0.0,166714.0
10.7717%2Fpeerj.689/Supplementary_Figure_2.pdf,0.883720930233,345.9625
10.7717%2Fpeerj.689/Supplementary_Figure_3.pdf,0.780487804878,614.055865922
10.7717%2Fpeerj.68/Supplemental_Figure_S3.pdf,0.526315789474,659.997118156
10.7717%2Fpeerj.68/Supplemental_Figure_S4.pdf,0.571428571429,2332.65818182
10.7717%2Fpeerj.705/Figure_S1.pdf,0.5,425.171428571
10.7717%2Fpeerj.705/Table_S1.pdf,0.569343065693,42.8031697342
10.7717%2Fpeerj.709/Kozlov-etal-appendix1-091114.pdf,0.750489236791,4.3347637714
10.7717%2Fpeerj.709/Kozlov-etal-appendix2-090914.pdf,0.651465798046,410.201986755
10.7717%2Fpeerj.709/Kozlov-etal-appendix3-090914.pdf,0.545023696682,885.666518255
10.7717%2Fpeerj.709/Kozlov-etal-appendix4-091114.pdf,0.68085106383,23.5185611511
10.7717%2Fpeerj.725/DrugOn_quick_guide.pdf,0.228346456693,106.671637511
10.7717%2Fpeerj.741/Figure_S3_NJ_tree.pdf,0.651459854015,24.6136021667
10.7717%2Fpeerj.743/Greylag_Raw_Data.pdf,0.95841995842,9.84926845866
10.7717%2Fpeerj.746/vvvvPRISMA_2009_Checklist.pdf,0.313868613139,190.571374835
10.7717%2Fpeerj.749/FountainSupplemental_S1.pdf,0.287356321839,98.831097561
10.7717%2Fpeerj.754/raw_data_WBs.pdf,0.157894736842,1007.20987654
10.7717%2Fpeerj.755/SI1_Table_Reference_model.pdf,0.596610169492,9.8253679811
10.7717%2Fpeerj.755/SI2_Table_pelican_model.pdf,0.57654723127,10.2547138604
10.7717%2Fpeerj.760/SI1.pdf,0.883864337102,13.5137072965
10.7717%2Fpeerj.760/SI2.pdf,0.772753623188,23.4492609751
10.7717%2Fpeerj.761/Supplemental_Figure_1.pdf,0.481481481481,790.37012987
10.7717%2Fpeerj.761/Supplemental_Figure_2.pdf,0.106796116505,38.2226071893
10.7717%2Fpeerj.761/Supplemental_Map.pdf,0.6,33266.4310345
10.7717%2Fpeerj.783/StarkeClayton_supplement.pdf,0.400943396226,76.2746331237
10.7717%2Fpeerj.784/suppfig.pdf,0.452054794521,81.0736842105
10.7717%2Fpeerj.785/peerj-review-2365-Supplemental_file_Total_body_water_and_Bioelectrical_impedance_data.pdf,0.875819950238,13.2111028021
10.7717%2Fpeerj.786/Supplemental_Table_S10.pdf,0.678571428571,53.0862068966
10.7717%2Fpeerj.786/Supplemental_Table_S1.pdf,0.541666666667,33.4866529774
10.7717%2Fpeerj.786/Supplemental_Table_S2.pdf,0.147163120567,4.90065528679
10.7717%2Fpeerj.786/Supplemental_Table_S3.pdf,0.609756097561,34.3676470588
10.7717%2Fpeerj.786/Supplemental_Table_S4.pdf,0.825,26.7163904236
10.7717%2Fpeerj.786/Supplemental_Table_S5.pdf,0.581818181818,30.503649635
10.7717%2Fpeerj.786/Supplemental_Table_S6.pdf,0.8,65.7777777778
10.7717%2Fpeerj.786/Supplemental_Table_S7.pdf,0.853211009174,20.506918239
10.7717%2Fpeerj.786/Supplemental_Table_S8.pdf,0.5,66.035335689
10.7717%2Fpeerj.786/Supplemental_Table_S9.pdf,0.578947368421,67.0743034056
10.7717%2Fpeerj.788/S1.pdf,0.522222222222,1166.38953488
10.7717%2Fpeerj.788/S2.pdf,0.525641025641,912.629107981
10.7717%2Fpeerj.788/S3.pdf,0.487179487179,11888.9915254
10.7717%2Fpeerj.788/S4.pdf,0.493670886076,1277.55052265
10.7717%2Fpeerj.788/S5_alt.pdf,0.692307692308,6815.91150442
10.7717%2Fpeerj.788/S6.pdf,0.619047619048,1337.22826087
10.7717%2Fpeerj.796/20150114_VaRank_TUTORIAL.pdf,0.599320882852,37.2176553839
10.7717%2Fpeerj.796/20150127_VaRank_README.pdf,0.347913862719,22.6747154927
10.7717%2Fpeerj.801/PeerJ_Supplemental_Figure-1_Revised.pdf,0.0714285714286,551.325436409
10.7717%2Fpeerj.801/PeerJ_Supplemental_Figure_2.pdf,0.166666666667,223.691729323
10.7717%2Fpeerj.803/Appendices_for_L._sericata.pdf,0.815849301721,8.38616735612
10.7717%2Fpeerj.805/Table_1S-January19.pdf,0.8895313451,2.69799707131
10.7717%2Fpeerj.806/SI_Article1.pdf,0.0714285714286,19.3727322705
10.7717%2Fpeerj.808/Arioc.2.supp.pdf,0.496527777778,38.0204107913
10.7717%2Fpeerj.811/Raw_data.pdf,0.585271317829,891.796557924
10.7717%2Fpeerj.815/Supplemental_Table_S1.pdf,0.451612903226,432.729411765
10.7717%2Fpeerj.815/Supplemental_Table_S2.pdf,0.463157894737,456.172155689
10.7717%2Fpeerj.815/Supplemental_Table_S3.pdf,0.754901960784,110.40205285
10.7717%2Fpeerj.815/Supplemental_Table_S4.pdf,0.738522954092,144.74376947
10.7717%2Fpeerj.817/Suppl_Figure_1_nuez_lopez_PeerJ.pdf,0.0,1013000.0
10.7717%2Fpeerj.817/Suppl_Figure_2_nuez_lopez_PeerJ.pdf,0.0,3015685.0
10.7717%2Fpeerj.817/Suppl_Figure_3_nuez_lopez_PeerJ.pdf,0.0,1514607.0
10.7717%2Fpeerj.817/Suppl_Figure_4_nuez_lopez_PeerJ.pdf,0.0,5616141.0
10.7717%2Fpeerj.818/Supp_Figure2.pdf,0.4328125,197.136212625
10.7717%2Fpeerj.823/FigureS1.pdf,0.0,355.042119565
10.7717%2Fpeerj.823/FigureS2.pdf,0.0,698.347197107
10.7717%2Fpeerj.823/FigureS3.pdf,0.1,629.780559647
10.7717%2Fpeerj.823/FigureS4.pdf,0.0,957.125352113
10.7717%2Fpeerj.830/Fig_S1.pdf,0.590120160214,5.61007809595
10.7717%2Fpeerj.831/SupportingInformation_revised_Submit.pdf,0.663002114165,13.2591573652
10.7717%2Fpeerj.832/Figure_S1.pdf,0.263157894737,586.534008683
10.7717%2Fpeerj.832/Figure_S2.pdf,0.605137963844,3.67702702703
10.7717%2Fpeerj.832/Figure_S3.pdf,0.686021505376,4.6196002579
10.7717%2Fpeerj.834/spm_mult_peerJ.pdf,0.60880195599,39.4711652794
10.7717%2Fpeerj.834/spm_shifted_peerj.pdf,0.59718969555,42.2093695778
10.7717%2Fpeerj.834/spm_unshifted_peerJ.pdf,0.569832402235,53.9555555556
10.7717%2Fpeerj.845/Supplement_S1.pdf,0.55,112.279491833
10.7717%2Fpeerj.857/peerj-review-1411-peerj-review-1411-Tab3.pdf,0.611111111111,65.0574534161
10.7717%2Fpeerj.861/SI.pdf,0.488970588235,1225.94272202
10.7717%2Fpeerj.863/SMALE_et_al_PeerJ_2015_Table_S1.pdf,0.90243902439,19.3380516236
10.7717%2Fpeerj.863/SMALE_et_al_PeerJ_2015_Table_S2.pdf,0.457317073171,107.657985258
10.7717%2Fpeerj.863/SMALE_et_al_PeerJ_2015_Table_S3.pdf,0.741935483871,44.089707271
10.7717%2Fpeerj.863/SMALE_et_al_PeerJ_2015_Table_S4.pdf,0.752066115702,120.285852713
10.7717%2Fpeerj.864/Raw_Data.pdf,0.665540540541,2.98967807437
10.7717%2Fpeerj.867/DATA_S1.pdf,0.252212389381,6.13007895244
10.7717%2Fpeerj.869/SuppEstimatingComplexity.pdf,0.518633540373,65.3031504277
10.7717%2Fpeerj.872/Appendix1.pdf,0.0,140.007575758
10.7717%2Fpeerj.872/Appendix2.pdf,0.4375,164.085106383
10.7717%2Fpeerj.872/Appendix3.pdf,0.476923076923,271.648571429
10.7717%2Fpeerj.872/Appendix4.pdf,0.484375,121.120481928
10.7717%2Fpeerj.872/Appendix5.pdf,0.485714285714,73.7553444181
10.7717%2Fpeerj.884/Supplementary_Information.pdf,0.613402061856,33.6370589687
10.7717%2Fpeerj.895/Fig._S1_-_Read_Depth.pdf,0.484848484848,117.151851852
10.7717%2Fpeerj.895/Fig._S2_-_Variance_across_species.pdf,0.491017964072,203.769130999
10.7717%2Fpeerj.895/Fig._S3_-_Theta_Estimates_Extant_Pops.pdf,0.556818181818,419.729559748
10.7717%2Fpeerj.895/Fig._S4_-_Tau_Estimates.pdf,0.583333333333,400.98089172
10.7717%2Fpeerj.897/FigS1_OMP-09B11-32.pdf,0.0,20043410.0
10.7717%2Fpeerj.897/FigS2_OMP-09B11-143.pdf,0.0,28183558.0
10.7717%2Fpeerj.897/FigS3_OMP-09B11-195.pdf,0.0,25144958.0
10.7717%2Fpeerj.897/FigS4_OMP-09B11-391.pdf,0.0,19344666.0
10.7717%2Fpeerj.897/FigS5_OMP-09B11-518.pdf,0.0,18132529.0
10.7717%2Fpeerj.898/SupplementalFigure1.pdf,0.5,578.305263158
10.7717%2Fpeerj.89/SupplementalTableS10.pdf,0.470588235294,46.6273525721
10.7717%2Fpeerj.89/SupplementalTableS11.pdf,0.407407407407,47.1477707006
10.7717%2Fpeerj.89/SupplementalTableS12.pdf,0.470588235294,46.3804213135
10.7717%2Fpeerj.89/SupplementalTableS13.pdf,0.412844036697,45.8523573201
10.7717%2Fpeerj.89/SupplementalTableS14.pdf,0.466666666667,46.6553459119
10.7717%2Fpeerj.89/SupplementalTableS15.pdf,0.405405405405,45.4341943419
10.7717%2Fpeerj.89/SupplementalTableS16.pdf,0.470588235294,46.409261577
10.7717%2Fpeerj.89/SupplementalTableS17.pdf,0.407407407407,46.7765151515
10.7717%2Fpeerj.89/SupplementalTableS18.pdf,0.470588235294,46.0718711276
10.7717%2Fpeerj.89/SupplementalTableS19.pdf,0.407407407407,46.6746835443
10.7717%2Fpeerj.89/SupplementalTableS1.pdf,0.333333333333,46.1622971286
10.7717%2Fpeerj.89/SupplementalTableS20.pdf,0.46218487395,45.8243243243
10.7717%2Fpeerj.89/SupplementalTableS2.pdf,0.25,43.5164585698
10.7717%2Fpeerj.89/SupplementalTableS3.pdf,0.333333333333,46.2496878901
10.7717%2Fpeerj.89/SupplementalTableS4.pdf,0.247933884298,43.7035347777
10.7717%2Fpeerj.89/SupplementalTableS5.pdf,0.233766233766,48.4729194188
10.7717%2Fpeerj.89/SupplementalTableS6.pdf,0.272727272727,44.6457142857
10.7717%2Fpeerj.89/SupplementalTableS7.pdf,0.233766233766,48.5323645971
10.7717%2Fpeerj.89/SupplementalTableS8.pdf,0.264462809917,44.4285714286
10.7717%2Fpeerj.89/SupplementalTableS9.pdf,0.428571428571,46.5517676768
10.7717%2Fpeerj.900/Supplemental_Table_S1.pdf,0.972350230415,20.9747581977
10.7717%2Fpeerj.900/Supplemental_Table_S2.pdf,0.982387475538,15.0633711507
10.7717%2Fpeerj.901/FigS1nMDSBenthos.pdf,0.0,2211066.0
10.7717%2Fpeerj.904/Figure_S1.pdf,0.8,70.1199657241
10.7717%2Fpeerj.908/Katherine_Hinds.pdf,0.333333333333,329.546195652
10.7717%2Fpeerj.910/PRISMA_Checklist.pdf,0.322222222222,38.0617935192
10.7717%2Fpeerj.915/Figure_S1_[Compatibility_Mode].pdf,0.488372093023,801.058823529
10.7717%2Fpeerj.919/SuppFigs.pdf,0.0684931506849,918.02359882
10.7717%2Fpeerj.920/S1-Simulation.pdf,0.466694683757,26.9899603926
10.7717%2Fpeerj.920/S2-Sensitivity.pdf,0.253846153846,21.7312047332
10.7717%2Fpeerj.920/S3-Variable_selection.pdf,0.208333333333,33.5229885057
10.7717%2Fpeerj.920/S4-Discrimination_analysis.pdf,0.781685467817,6.30218978102
10.7717%2Fpeerj.920/S5-Squid_re-analysis.pdf,0.514088916719,20.1910498489
10.7717%2Fpeerj.927/Supplemental_S1.pdf,0.60510805501,29.5653819201
10.7717%2Fpeerj.930/Supplementary_data_tables.ONEILL_et_al.pdf,0.968564650059,22.1020481711
10.7717%2Fpeerj.937/Peer_J_4163_Hispanic_radiation_Appendix.pdf,0.598684210526,37.7792501616
10.7717%2Fpeerj.939/PeerJ_supplementalfigure1.pdf,0.16,78.7839116719
10.7717%2Fpeerj.939/PeerJ_Supplementalfigure2.pdf,0.222222222222,76.5
10.7717%2Fpeerj.940/Foth_etal_Allosaurus_pathologies_Suppl.pdf,0.155963302752,228.730827523
10.7717%2Fpeerj.945/supplement.pdf,0.0,81328.0
10.7717%2Fpeerj.947/PeerJ-947_Villemant_et_al._2015_French_version.pdf,0.148044692737,16.6909703358
10.7717%2Fpeerj.956/Supplemental_Table_1.pdf,0.420289855072,92.2703862661
10.7717%2Fpeerj.961/Supplementary_figures.pdf,0.0,117101.25
10.7717%2Fpeerj.968/Figure_S1.pdf,0.479166666667,652.104417671
10.7717%2Fpeerj.968/Figure_S2.pdf,0.641025641026,181.610628019
10.7717%2Fpeerj.968/Figure_S3.pdf,0.40625,1219.10067114
10.7717%2Fpeerj.968/Figure_S4.pdf,0.452054794521,453.776277724
10.7717%2Fpeerj.968/Figure_S5.pdf,0.325581395349,215.452358037
10.7717%2Fpeerj.968/Figure_S6.pdf,0.277777777778,306.528440367
10.7717%2Fpeerj.968/Figure_S7.pdf,0.0,3628455.0
10.7717%2Fpeerj.976/FigS1.pdf,0.838912133891,17.4382944303
10.7717%2Fpeerj.976/FigS2.pdf,0.813474941918,8.80208553951
10.7717%2Fpeerj.976/FigS3.pdf,0.859375,6.56153846154
10.7717%2Fpeerj.976/FigS4.pdf,0.879310344828,7.27013630731
10.7717%2Fpeerj.976/FigS5.pdf,0.516129032258,36.9565217391
10.7717%2Fpeerj.976/FigS6.pdf,0.5,45.6285714286
10.7717%2Fpeerj.976/FigS7.pdf,0.535714285714,36.6277372263
10.7717%2Fpeerj.976/FigS8.pdf,0.454545454545,51.5326086957
10.7717%2Fpeerj.976/halldorsdottir_supplemental_cath.pdf,0.79894319683,9.72562454331
10.7717%2Fpeerj.983/Supplementary_Figure_S1.pdf,0.461538461538,1161.29591837
10.7717%2Fpeerj.983/Supplementary_Figure_S2.pdf,0.46875,1030.92265193
10.7717%2Fpeerj.985/VirSorter_step_by_step_merged.pdf,0.272727272727,327.240571429
10.7717%2Fpeerj.990/An_empty_form_template_of_the_proof_of_consent_for_participants.pdf,0.898734177215,43.8617191671
10.7717%2Fpeerj.991/Figure_S1.pdf,0.510638297872,304.331360947
10.7717%2Fpeerj.991/Figure_S2.pdf,0.0,10154438.0
10.7717%2Fpeerj.998/READ_ME_for_Chimp_data_MS.pdf,0.0526315789474,170.715105163
SciHack15-Project-1/SI-improperuse/test.pdf,0.271929824561,65.0448785639
